fit_type,fit_order,template_model,catalogs,fitting_quantities,quantity_to_fit,chi_sq,reduced_chi_sq,log_evidence,c2A_22_from_22_220_median_p0,c2A_22_from_22_220_median_p1,c2A_22_from_22_220_median_p2,c2A_22_from_22_220_median_p3,c2A_22_from_22_220_median_p4,c2A_22_from_22_220_median_p5,c2A_22_from_22_220_median_p6,c2A_22_from_22_220_median_p7,c2A_22_from_22_220_median_p8,c2A_22_from_22_220_median_p9,c2A_22_from_22_220_median_p10,c2A_22_from_22_220_median_p11,c2A_22_from_22_220_median_p12,c2A_22_from_22_220_median_p13,c2A_22_from_22_220_median_p14,c2A_22_from_22_220_median_p15,c2A_22_from_22_220_median_p16,c2A_22_from_22_220_median_p17,c2A_22_from_22_220_median_p18,c2A_22_from_22_220_median_p19,c3A_22_from_22_220_median_p0,c3A_22_from_22_220_median_p1,c3A_22_from_22_220_median_p2,c3A_22_from_22_220_median_p3,c3A_22_from_22_220_median_p4,c3A_22_from_22_220_median_p5,c3A_22_from_22_220_median_p6,c3A_22_from_22_220_median_p7,c3A_22_from_22_220_median_p8,c3A_22_from_22_220_median_p9,c3A_22_from_22_220_median_p10,c3A_22_from_22_220_median_p11,c3A_22_from_22_220_median_p12,c3A_22_from_22_220_median_p13,c3A_22_from_22_220_median_p14,c3A_22_from_22_220_median_p15,c3A_22_from_22_220_median_p16,c3A_22_from_22_220_median_p17,c3A_22_from_22_220_median_p18,c3A_22_from_22_220_median_p19,c2p_22_from_22_220_median_p0,c2p_22_from_22_220_median_p1,c2p_22_from_22_220_median_p2,c2p_22_from_22_220_median_p3,c2p_22_from_22_220_median_p4,c2p_22_from_22_220_median_p5,c2p_22_from_22_220_median_p6,c2p_22_from_22_220_median_p7,c2p_22_from_22_220_median_p8,c2p_22_from_22_220_median_p9,c2p_22_from_22_220_median_p10,c2p_22_from_22_220_median_p11,c2p_22_from_22_220_median_p12,c2p_22_from_22_220_median_p13,c2p_22_from_22_220_median_p14,c2p_22_from_22_220_median_p15,c2p_22_from_22_220_median_p16,c2p_22_from_22_220_median_p17,c2p_22_from_22_220_median_p18,c2p_22_from_22_220_median_p19,c3p_22_from_22_220_median_p0,c3p_22_from_22_220_median_p1,c3p_22_from_22_220_median_p2,c3p_22_from_22_220_median_p3,c3p_22_from_22_220_median_p4,c3p_22_from_22_220_median_p5,c3p_22_from_22_220_median_p6,c3p_22_from_22_220_median_p7,c3p_22_from_22_220_median_p8,c3p_22_from_22_220_median_p9,c3p_22_from_22_220_median_p10,c3p_22_from_22_220_median_p11,c3p_22_from_22_220_median_p12,c3p_22_from_22_220_median_p13,c3p_22_from_22_220_median_p14,c3p_22_from_22_220_median_p15,c3p_22_from_22_220_median_p16,c3p_22_from_22_220_median_p17,c3p_22_from_22_220_median_p18,c3p_22_from_22_220_median_p19,c4p_22_from_22_220_median_p0,c4p_22_from_22_220_median_p1,c4p_22_from_22_220_median_p2,c4p_22_from_22_220_median_p3,c4p_22_from_22_220_median_p4,c4p_22_from_22_220_median_p5,c4p_22_from_22_220_median_p6,c4p_22_from_22_220_median_p7,c4p_22_from_22_220_median_p8,c4p_22_from_22_220_median_p9,c4p_22_from_22_220_median_p10,c4p_22_from_22_220_median_p11,c4p_22_from_22_220_median_p12,c4p_22_from_22_220_median_p13,c4p_22_from_22_220_median_p14,c4p_22_from_22_220_median_p15,c4p_22_from_22_220_median_p16,c4p_22_from_22_220_median_p17,c4p_22_from_22_220_median_p18,c4p_22_from_22_220_median_p19
non-spinning,1,polynomial,RIT,nu,c2A_22_from_22_220_median,6758.980126082671,34.484592480013625,-3406.8945703813374,0.2129128516866262,-0.0136315820634525,,,,,,,,,,,,,,,,,,,,,,,,,,,,,,,,,,,,,,,,,,,,,,,,,,,,,,,,,,,,,,,,,,,,,,,,,,,,,,,,,,,,,,,,,,,,,,,,,,
non-spinning,2,polynomial,RIT,nu,c2A_22_from_22_220_median,6600.687231592752,33.849678110732064,-3341.407378646155,0.2171086099163059,-0.0085801417683144,-0.010697046912814,,,,,,,,,,,,,,,,,,,,,,,,,,,,,,,,,,,,,,,,,,,,,,,,,,,,,,,,,,,,,,,,,,,,,,,,,,,,,,,,,,,,,,,,,,,,,,,,,
non-spinning,3,polynomial,RIT,nu,c2A_22_from_22_220_median,6587.554082895269,33.95646434482097,-3346.50516210841,0.2164249038690802,-0.0023675293029767,-0.0093121794202514,-0.0072773944504151,,,,,,,,,,,,,,,,,,,,,,,,,,,,,,,,,,,,,,,,,,,,,,,,,,,,,,,,,,,,,,,,,,,,,,,,,,,,,,,,,,,,,,,,,,,,,,,,
non-spinning,1,polynomial,RIT,ecc,c2A_22_from_22_220_median,7524.848195973362,38.39208263251715,-3790.527197655176,0.2049285095161637,0.0037287354532947,,,,,,,,,,,,,,,,,,,,,,,,,,,,,,,,,,,,,,,,,,,,,,,,,,,,,,,,,,,,,,,,,,,,,,,,,,,,,,,,,,,,,,,,,,,,,,,,,,
non-spinning,2,polynomial,RIT,ecc,c2A_22_from_22_220_median,7524.409662943663,38.58671622022391,-3802.256882617172,0.2050723371583444,0.0032964054634615,-0.0008854455802578,,,,,,,,,,,,,,,,,,,,,,,,,,,,,,,,,,,,,,,,,,,,,,,,,,,,,,,,,,,,,,,,,,,,,,,,,,,,,,,,,,,,,,,,,,,,,,,,,
non-spinning,3,polynomial,RIT,ecc,c2A_22_from_22_220_median,4989.110193341954,25.717062852278115,-2546.6844522181423,0.1974188002358029,-0.0216840303424613,0.0826230274127955,0.1219946214591771,,,,,,,,,,,,,,,,,,,,,,,,,,,,,,,,,,,,,,,,,,,,,,,,,,,,,,,,,,,,,,,,,,,,,,,,,,,,,,,,,,,,,,,,,,,,,,,,
non-spinning,1,polynomial,RIT,nu-ecc,c2A_22_from_22_220_median,6736.718216280972,34.547272904004984,-3409.2919484755894,0.2133449111641941,-0.0134791460187109,0.0026291602078802,,,,,,,,,,,,,,,,,,,,,,,,,,,,,,,,,,,,,,,,,,,,,,,,,,,,,,,,,,,,,,,,,,,,,,,,,,,,,,,,,,,,,,,,,,,,,,,,,
non-spinning,2,polynomial,RIT,nu-ecc,c2A_22_from_22_220_median,6473.263551717972,33.71491433186444,-3315.630880694927,0.2214068803755411,-0.0049291496268572,0.0101097037972228,-0.0175951356283858,-0.0094597304379672,-0.0047018389122038,,,,,,,,,,,,,,,,,,,,,,,,,,,,,,,,,,,,,,,,,,,,,,,,,,,,,,,,,,,,,,,,,,,,,,,,,,,,,,,,,,,,,,,,,,,,,,
non-spinning,3,polynomial,RIT,nu-ecc,c2A_22_from_22_220_median,4170.361611864996,22.182774531196788,-2210.502444261385,0.2064788556699093,-0.0215280430644772,-0.0197433254798936,0.0044484470143421,0.0322485462382905,0.0953286369023024,0.0045715935946742,-0.0402612594287379,-0.0209943501857962,0.1206442886528532,,,,,,,,,,,,,,,,,,,,,,,,,,,,,,,,,,,,,,,,,,,,,,,,,,,,,,,,,,,,,,,,,,,,,,,,,,,,,,,,,,,,,,,,,,
non-spinning,1,polynomial,RIT,b_massless_EOB,c2A_22_from_22_220_median,7471.440004681239,38.11959186061856,-3761.8646001508496,0.2162559144332776,-0.017277879960171,,,,,,,,,,,,,,,,,,,,,,,,,,,,,,,,,,,,,,,,,,,,,,,,,,,,,,,,,,,,,,,,,,,,,,,,,,,,,,,,,,,,,,,,,,,,,,,,,,
non-spinning,2,polynomial,RIT,b_massless_EOB,c2A_22_from_22_220_median,4899.232215655718,25.124267772593427,-2488.541441787176,0.2268904553867683,-0.1129390743323117,0.1102521636518719,,,,,,,,,,,,,,,,,,,,,,,,,,,,,,,,,,,,,,,,,,,,,,,,,,,,,,,,,,,,,,,,,,,,,,,,,,,,,,,,,,,,,,,,,,,,,,,,,
non-spinning,3,polynomial,RIT,b_massless_EOB,c2A_22_from_22_220_median,4875.76045076324,25.132785828676496,-2487.3565979663726,0.2096871387770301,-0.0851346849656776,0.1321730422277845,-0.0359994112603108,,,,,,,,,,,,,,,,,,,,,,,,,,,,,,,,,,,,,,,,,,,,,,,,,,,,,,,,,,,,,,,,,,,,,,,,,,,,,,,,,,,,,,,,,,,,,,,,
non-spinning,1,polynomial,RIT,nu-b_massless_EOB,c2A_22_from_22_220_median,6142.451859244976,31.49975312433321,-3110.275454809756,0.2502468905462907,-0.0193818843051631,-0.0482153332438137,,,,,,,,,,,,,,,,,,,,,,,,,,,,,,,,,,,,,,,,,,,,,,,,,,,,,,,,,,,,,,,,,,,,,,,,,,,,,,,,,,,,,,,,,,,,,,,,,
non-spinning,2,polynomial,RIT,nu-b_massless_EOB,c2A_22_from_22_220_median,4366.371166739972,22.74151649343736,-2259.664347928657,0.2484889440366183,-0.0147070040616119,-0.1193926196593012,-0.0119897298856824,0.0156397166264181,0.0987389023202376,,,,,,,,,,,,,,,,,,,,,,,,,,,,,,,,,,,,,,,,,,,,,,,,,,,,,,,,,,,,,,,,,,,,,,,,,,,,,,,,,,,,,,,,,,,,,,
non-spinning,3,polynomial,RIT,nu-b_massless_EOB,c2A_22_from_22_220_median,4270.756995424455,22.716792528853485,-2256.8857532812463,0.2539669922360091,-0.0298960660815741,-0.1077017022301893,0.0069444639918981,-0.0055656875547964,0.0719821913845466,-0.0053237051859642,-0.0117488151267573,0.0468968276466236,0.0036198763408064,,,,,,,,,,,,,,,,,,,,,,,,,,,,,,,,,,,,,,,,,,,,,,,,,,,,,,,,,,,,,,,,,,,,,,,,,,,,,,,,,,,,,,,,,,
non-spinning,1,polynomial,RIT,Heff_til,c2A_22_from_22_220_median,7217.127716422352,36.82208018582833,-3635.532413255288,0.2092024979109891,0.0123546450853924,,,,,,,,,,,,,,,,,,,,,,,,,,,,,,,,,,,,,,,,,,,,,,,,,,,,,,,,,,,,,,,,,,,,,,,,,,,,,,,,,,,,,,,,,,,,,,,,,,
non-spinning,2,polynomial,RIT,Heff_til,c2A_22_from_22_220_median,7216.742159645377,37.00893415202757,-3647.9040138896416,0.2090129377197287,0.0127422856285476,0.001072511860394,,,,,,,,,,,,,,,,,,,,,,,,,,,,,,,,,,,,,,,,,,,,,,,,,,,,,,,,,,,,,,,,,,,,,,,,,,,,,,,,,,,,,,,,,,,,,,,,,
non-spinning,3,polynomial,RIT,Heff_til,c2A_22_from_22_220_median,4775.071722371781,24.613771764803,-2439.320885129196,0.2024460674145339,-0.0379288543373885,0.0417592501592518,0.1409938284371843,,,,,,,,,,,,,,,,,,,,,,,,,,,,,,,,,,,,,,,,,,,,,,,,,,,,,,,,,,,,,,,,,,,,,,,,,,,,,,,,,,,,,,,,,,,,,,,,
non-spinning,1,polynomial,RIT,nu-Heff_til,c2A_22_from_22_220_median,6660.674774647567,34.15730653665419,-3372.019995527064,0.2146689847328878,-0.0119643701015277,0.0070001507835288,,,,,,,,,,,,,,,,,,,,,,,,,,,,,,,,,,,,,,,,,,,,,,,,,,,,,,,,,,,,,,,,,,,,,,,,,,,,,,,,,,,,,,,,,,,,,,,,,
non-spinning,2,polynomial,RIT,nu-Heff_til,c2A_22_from_22_220_median,6445.131897765687,33.56839530086295,-3301.6894932221835,0.2189475047069765,-0.0073254781999506,0.0134721891547305,-0.0126463947167382,-0.0046067006660757,0.0084352231690341,,,,,,,,,,,,,,,,,,,,,,,,,,,,,,,,,,,,,,,,,,,,,,,,,,,,,,,,,,,,,,,,,,,,,,,,,,,,,,,,,,,,,,,,,,,,,,
non-spinning,3,polynomial,RIT,nu-Heff_til,c2A_22_from_22_220_median,4323.995552005088,22.999976340452594,-2286.9071779278406,0.2161448789161508,-0.0029586076243509,-0.0339138078989486,-0.0117254476630472,-0.0164562399406291,0.0077632143615169,-0.0085801612734087,0.0040153712161904,0.0452846692024831,0.1494133676243617,,,,,,,,,,,,,,,,,,,,,,,,,,,,,,,,,,,,,,,,,,,,,,,,,,,,,,,,,,,,,,,,,,,,,,,,,,,,,,,,,,,,,,,,,,
non-spinning,1,polynomial,RIT,Jmrg_til,c2A_22_from_22_220_median,7556.936039390212,38.55579611933781,-3804.8270155417017,0.2068578352217746,-0.0047728425986012,,,,,,,,,,,,,,,,,,,,,,,,,,,,,,,,,,,,,,,,,,,,,,,,,,,,,,,,,,,,,,,,,,,,,,,,,,,,,,,,,,,,,,,,,,,,,,,,,,
non-spinning,2,polynomial,RIT,Jmrg_til,c2A_22_from_22_220_median,5421.903355909987,27.80463259441019,-2749.759312712913,0.2256306915021564,-0.1020068001997172,0.1026770393404593,,,,,,,,,,,,,,,,,,,,,,,,,,,,,,,,,,,,,,,,,,,,,,,,,,,,,,,,,,,,,,,,,,,,,,,,,,,,,,,,,,,,,,,,,,,,,,,,,
non-spinning,3,polynomial,RIT,Jmrg_til,c2A_22_from_22_220_median,5133.939747016213,26.46360694338254,-2617.486117057447,0.1953570207246966,-0.0341805257100334,0.1444813223243508,-0.0978880482386651,,,,,,,,,,,,,,,,,,,,,,,,,,,,,,,,,,,,,,,,,,,,,,,,,,,,,,,,,,,,,,,,,,,,,,,,,,,,,,,,,,,,,,,,,,,,,,,,
non-spinning,1,polynomial,RIT,nu-Jmrg_til,c2A_22_from_22_220_median,6457.841497113239,33.11713588263199,-3268.4335466585803,0.2303588207771906,-0.0176803903307961,-0.0266377310042475,,,,,,,,,,,,,,,,,,,,,,,,,,,,,,,,,,,,,,,,,,,,,,,,,,,,,,,,,,,,,,,,,,,,,,,,,,,,,,,,,,,,,,,,,,,,,,,,,
non-spinning,2,polynomial,RIT,nu-Jmrg_til,c2A_22_from_22_220_median,4679.656041445481,24.37320854919521,-2417.8884854613707,0.2496677241292801,-0.0204604412414435,-0.1147603497645345,-0.0097162747899559,0.0210447553341181,0.0922796707054675,,,,,,,,,,,,,,,,,,,,,,,,,,,,,,,,,,,,,,,,,,,,,,,,,,,,,,,,,,,,,,,,,,,,,,,,,,,,,,,,,,,,,,,,,,,,,,
non-spinning,3,polynomial,RIT,nu-Jmrg_til,c2A_22_from_22_220_median,4460.457562465283,23.7258380982196,-2352.4641311768946,0.2056377529586298,-0.0032556184242841,-0.0244688070386439,0.0007308573901122,-0.0001794745769584,0.132873094100752,-0.0078819864308084,-0.0130896722948585,0.0031853272632922,-0.1026506858576246,,,,,,,,,,,,,,,,,,,,,,,,,,,,,,,,,,,,,,,,,,,,,,,,,,,,,,,,,,,,,,,,,,,,,,,,,,,,,,,,,,,,,,,,,,
non-spinning,1,polynomial,RIT,nu-Heff_til-b_massless_EOB,c2A_22_from_22_220_median,5742.182594458004,29.59887935287631,-2923.8526584443525,0.2656338557029594,-0.0176281793998278,0.0149379315215079,-0.0631068531209105,,,,,,,,,,,,,,,,,,,,,,,,,,,,,,,,,,,,,,,,,,,,,,,,,,,,,,,,,,,,,,,,,,,,,,,,,,,,,,,,,,,,,,,,,,,,,,,,
non-spinning,2,polynomial,RIT,nu-Heff_til-b_massless_EOB,c2A_22_from_22_220_median,3703.191804085384,19.697828745135023,-1975.5737938633224,0.2061478140962973,0.0045872639573574,0.0949904927485841,-0.0052781112441202,-0.0186968703355738,-0.0257963889008612,-0.008840143695675,-0.0189447312495414,-0.1388596224960075,0.0310036457771659,,,,,,,,,,,,,,,,,,,,,,,,,,,,,,,,,,,,,,,,,,,,,,,,,,,,,,,,,,,,,,,,,,,,,,,,,,,,,,,,,,,,,,,,,,
non-spinning,3,polynomial,RIT,nu-Heff_til-b_massless_EOB,c2A_22_from_22_220_median,3070.088182183424,17.247686416760807,-1759.9187761190146,-0.6042335818452162,0.0286253346555564,0.0937977405828041,1.743249873768155,0.010242645784703,-0.032112506321183,-0.0416202653685786,0.6666709209967016,-0.7818352059682518,-0.7694142181937809,-0.01590377725159,0.013545814609477,-0.0194188195639271,0.0281745042749282,0.0265308815444966,0.0190944485366076,0.2679474048251403,-0.8745728615664976,0.7189075007916391,-0.1584944064696176,,,,,,,,,,,,,,,,,,,,,,,,,,,,,,,,,,,,,,,,,,,,,,,,,,,,,,,,,,,,,,,,,,,,,,,,,,,,,,,,
non-spinning,1,polynomial,RIT,nu-Jmrg_til-b_massless_EOB,c2A_22_from_22_220_median,5813.598246894782,29.96700127265352,-2957.8549625705946,0.2733661732264734,-0.0191097016151327,0.0830962177140454,-0.1480374885634137,,,,,,,,,,,,,,,,,,,,,,,,,,,,,,,,,,,,,,,,,,,,,,,,,,,,,,,,,,,,,,,,,,,,,,,,,,,,,,,,,,,,,,,,,,,,,,,,
non-spinning,2,polynomial,RIT,nu-Jmrg_til-b_massless_EOB,c2A_22_from_22_220_median,3712.391900296108,19.74676542710696,-1970.919782362903,0.265246288204134,-0.0165162921484124,0.4266949797753535,-0.5514007570767999,-0.0173482906551406,-0.1391834916507696,0.1448729562728797,-0.7194560434377715,0.6444899298537473,0.1435306164063186,,,,,,,,,,,,,,,,,,,,,,,,,,,,,,,,,,,,,,,,,,,,,,,,,,,,,,,,,,,,,,,,,,,,,,,,,,,,,,,,,,,,,,,,,,
non-spinning,3,polynomial,RIT,nu-Jmrg_til-b_massless_EOB,c2A_22_from_22_220_median,3168.531384407624,15.608528987229676,-1739.2215369339335,-0.1829824348325435,0.05670769635742451,7.502621499370688,-7.1755004192951635,0.0002775789744784687,-0.31160746037607145,0.3568176027902597,43.349726955361085,-101.56793555419569,58.77869257352154,-0.01642709324814995,-0.045703043268758195,0.023469246268834607,-1.2494519524151149,2.875859033413028,-1.7176415608955546,62.99828706377131,-225.8649724375304,270.3382698078949,-107.95103338060335,,,,,,,,,,,,,,,,,,,,,,,,,,,,,,,,,,,,,,,,,,,,,,,,,,,,,,,,,,,,,,,,,,,,,,,,,,,,,,,,
non-spinning,1,polynomial,RIT,nu-Heff_til-Jmrg_til,c2A_22_from_22_220_median,5693.297247066832,29.34689302611769,-2899.0710437372763,0.2598266910601825,-0.0167496034695694,0.0251016847350786,-0.0619727586438462,,,,,,,,,,,,,,,,,,,,,,,,,,,,,,,,,,,,,,,,,,,,,,,,,,,,,,,,,,,,,,,,,,,,,,,,,,,,,,,,,,,,,,,,,,,,,,,,
non-spinning,2,polynomial,RIT,nu-Heff_til-Jmrg_til,c2A_22_from_22_220_median,3701.226724699881,19.68737619521213,-1973.402455746913,0.2040522614801447,0.0030216220345485,0.0819166051097209,0.0059872982189321,-0.0185527465220617,-0.0226116191732676,-0.0086315055218692,0.0046051031189453,-0.146547214132701,0.0260109496577773,,,,,,,,,,,,,,,,,,,,,,,,,,,,,,,,,,,,,,,,,,,,,,,,,,,,,,,,,,,,,,,,,,,,,,,,,,,,,,,,,,,,,,,,,,
non-spinning,3,polynomial,RIT,nu-Heff_til-Jmrg_til,c2A_22_from_22_220_median,3076.019826554926,17.28101026154453,-1763.0015358019589,-0.4772768068419644,-0.0002371819970582,-0.2384286688106468,1.6506514359577362,0.0082893237851711,-0.0062469745460602,0.0001740590178893,0.6995192772391029,-0.4089200930145658,-0.853431502452522,-0.0154323960052516,0.0154948809961025,-0.0191641229699638,0.0444750386071287,-0.0137824357944891,0.0083055075037879,0.4416078565571692,-1.158464702211552,0.82106067143868,-0.1380768654704749,,,,,,,,,,,,,,,,,,,,,,,,,,,,,,,,,,,,,,,,,,,,,,,,,,,,,,,,,,,,,,,,,,,,,,,,,,,,,,,,
non-spinning,1,polynomial,RIT,nu,c3A_22_from_22_220_median,20719.05666025657,105.70947275641107,-10381.764031220962,,,,,,,,,,,,,,,,,,,,,-2.5656585275563,0.205199704788218,,,,,,,,,,,,,,,,,,,,,,,,,,,,,,,,,,,,,,,,,,,,,,,,,,,,,,,,,,,,,,,,,,,,,,,,,,,,,,
non-spinning,2,polynomial,RIT,nu,c3A_22_from_22_220_median,20705.063114286622,106.1798108424955,-10385.27202787795,,,,,,,,,,,,,,,,,,,,,-2.5464176945947283,0.2279682320707229,-0.0507266780614248,,,,,,,,,,,,,,,,,,,,,,,,,,,,,,,,,,,,,,,,,,,,,,,,,,,,,,,,,,,,,,,,,,,,,,,,,,,,,
non-spinning,3,polynomial,RIT,nu,c3A_22_from_22_220_median,20637.04618612613,106.37652673260892,-10360.414442229863,,,,,,,,,,,,,,,,,,,,,-2.568944347456575,0.4549807685738604,-0.004317311847419,-0.2667472696086926,,,,,,,,,,,,,,,,,,,,,,,,,,,,,,,,,,,,,,,,,,,,,,,,,,,,,,,,,,,,,,,,,,,,,,,,,,,,
non-spinning,1,polynomial,RIT,ecc,c3A_22_from_22_220_median,20852.58033901826,106.39071601539928,-10448.229982764597,,,,,,,,,,,,,,,,,,,,,-2.4799539314644425,-0.2343818988359273,,,,,,,,,,,,,,,,,,,,,,,,,,,,,,,,,,,,,,,,,,,,,,,,,,,,,,,,,,,,,,,,,,,,,,,,,,,,,,
non-spinning,2,polynomial,RIT,ecc,c3A_22_from_22_220_median,20795.403381855736,106.64309426592683,-10429.009218682417,,,,,,,,,,,,,,,,,,,,,-2.4499661060053146,-0.2906348068640776,-0.1802591271523899,,,,,,,,,,,,,,,,,,,,,,,,,,,,,,,,,,,,,,,,,,,,,,,,,,,,,,,,,,,,,,,,,,,,,,,,,,,,,
non-spinning,3,polynomial,RIT,ecc,c3A_22_from_22_220_median,20424.62751015305,105.28158510388172,-10253.522619767093,,,,,,,,,,,,,,,,,,,,,-2.442567676301901,-0.0449137042690942,-0.3217301174726071,-0.6539874591032107,,,,,,,,,,,,,,,,,,,,,,,,,,,,,,,,,,,,,,,,,,,,,,,,,,,,,,,,,,,,,,,,,,,,,,,,,,,,
non-spinning,1,polynomial,RIT,nu-ecc,c3A_22_from_22_220_median,20224.30412362761,103.71438012116724,-10144.482909787306,,,,,,,,,,,,,,,,,,,,,-2.59302833111163,0.1968512914897384,-0.2240885499188844,,,,,,,,,,,,,,,,,,,,,,,,,,,,,,,,,,,,,,,,,,,,,,,,,,,,,,,,,,,,,,,,,,,,,,,,,,,,,
non-spinning,2,polynomial,RIT,nu-ecc,c3A_22_from_22_220_median,20083.292695837445,104.60048279082002,-10104.723051594585,,,,,,,,,,,,,,,,,,,,,-2.632101203785666,0.1132648781308538,-0.4280957779936342,0.1557689029114798,0.255165725679443,-0.0891197655541717,,,,,,,,,,,,,,,,,,,,,,,,,,,,,,,,,,,,,,,,,,,,,,,,,,,,,,,,,,,,,,,,,,,,,,,,,,
non-spinning,3,polynomial,RIT,nu-ecc,c3A_22_from_22_220_median,19536.7135613758,103.91868915625422,-9865.976031100716,,,,,,,,,,,,,,,,,,,,,-2.651732022471812,0.5188807570117545,-0.0289012739266289,0.0794298981492506,-0.1526609906092637,-0.1289098442368751,-0.28812958748294,0.2146456362062425,-0.3835996779525974,-0.7440568774200121,,,,,,,,,,,,,,,,,,,,,,,,,,,,,,,,,,,,,,,,,,,,,,,,,,,,,,,,,,,,,,,,,,,,,,
non-spinning,1,polynomial,RIT,b_massless_EOB,c3A_22_from_22_220_median,21330.87177695793,108.83097845386705,-10686.118539321687,,,,,,,,,,,,,,,,,,,,,-2.320776161967356,-0.1785958225167762,,,,,,,,,,,,,,,,,,,,,,,,,,,,,,,,,,,,,,,,,,,,,,,,,,,,,,,,,,,,,,,,,,,,,,,,,,,,,,
non-spinning,2,polynomial,RIT,b_massless_EOB,c3A_22_from_22_220_median,16505.432718340646,84.64324470943922,-8283.395440834704,,,,,,,,,,,,,,,,,,,,,-1.792002513902922,0.5036705806818786,-1.88899035702102,,,,,,,,,,,,,,,,,,,,,,,,,,,,,,,,,,,,,,,,,,,,,,,,,,,,,,,,,,,,,,,,,,,,,,,,,,,,,
non-spinning,3,polynomial,RIT,b_massless_EOB,c3A_22_from_22_220_median,16403.63699277236,84.55482985965135,-8240.975833058064,,,,,,,,,,,,,,,,,,,,,-1.377432446054385,-0.1926000854741474,-2.3824479946426456,0.8611365425536758,,,,,,,,,,,,,,,,,,,,,,,,,,,,,,,,,,,,,,,,,,,,,,,,,,,,,,,,,,,,,,,,,,,,,,,,,,,,
non-spinning,1,polynomial,RIT,nu-b_massless_EOB,c3A_22_from_22_220_median,20717.17315422318,106.24191361140092,-10389.911716249402,,,,,,,,,,,,,,,,,,,,,-2.541246337387064,0.2019456548057108,-0.0319944730949814,,,,,,,,,,,,,,,,,,,,,,,,,,,,,,,,,,,,,,,,,,,,,,,,,,,,,,,,,,,,,,,,,,,,,,,,,,,,,
non-spinning,2,polynomial,RIT,nu-b_massless_EOB,c3A_22_from_22_220_median,16171.557848240716,84.2268637929204,-8147.097836054754,,,,,,,,,,,,,,,,,,,,,-1.6778465091360388,-0.0079202750945814,0.5714798440415204,0.1246659765802546,-0.2372255589715565,-2.1691537273357446,,,,,,,,,,,,,,,,,,,,,,,,,,,,,,,,,,,,,,,,,,,,,,,,,,,,,,,,,,,,,,,,,,,,,,,,,,
non-spinning,3,polynomial,RIT,nu-b_massless_EOB,c3A_22_from_22_220_median,16007.37987767185,85.1456376471907,-8100.37076619418,,,,,,,,,,,,,,,,,,,,,-1.7351168817075036,0.6013815249217401,0.2630756696092694,-0.1947104655059419,-0.111681653681739,-1.845184062866056,-0.1537635179304253,0.2386533916765089,-0.708424995135428,0.1508812641986994,,,,,,,,,,,,,,,,,,,,,,,,,,,,,,,,,,,,,,,,,,,,,,,,,,,,,,,,,,,,,,,,,,,,,,
non-spinning,1,polynomial,RIT,Heff_til,c3A_22_from_22_220_median,21147.906011200284,107.89747964898103,-10595.78410841752,,,,,,,,,,,,,,,,,,,,,-2.5083952713921187,-0.1730047302663283,,,,,,,,,,,,,,,,,,,,,,,,,,,,,,,,,,,,,,,,,,,,,,,,,,,,,,,,,,,,,,,,,,,,,,,,,,,,,,
non-spinning,2,polynomial,RIT,Heff_til,c3A_22_from_22_220_median,20651.750441652926,105.90641252129706,-10357.806064126598,,,,,,,,,,,,,,,,,,,,,-2.6110325073684058,-0.0365312492429558,0.5176038472114648,,,,,,,,,,,,,,,,,,,,,,,,,,,,,,,,,,,,,,,,,,,,,,,,,,,,,,,,,,,,,,,,,,,,,,,,,,,,,
non-spinning,3,polynomial,RIT,Heff_til,c3A_22_from_22_220_median,18547.489930173106,95.60561819676856,-9313.90149284243,,,,,,,,,,,,,,,,,,,,,-2.561867948153998,0.9124012732495044,0.5253875710139935,-1.951424380241373,,,,,,,,,,,,,,,,,,,,,,,,,,,,,,,,,,,,,,,,,,,,,,,,,,,,,,,,,,,,,,,,,,,,,,,,,,,,
non-spinning,1,polynomial,RIT,nu-Heff_til,c3A_22_from_22_220_median,20653.781696092214,105.9168292107293,-10359.73893995677,,,,,,,,,,,,,,,,,,,,,-2.586700276606083,0.1847143384612082,-0.0923916208921465,,,,,,,,,,,,,,,,,,,,,,,,,,,,,,,,,,,,,,,,,,,,,,,,,,,,,,,,,,,,,,,,,,,,,,,,,,,,,
non-spinning,2,polynomial,RIT,nu-Heff_til,c3A_22_from_22_220_median,20232.982141903005,105.38011532241148,-10179.740994260785,,,,,,,,,,,,,,,,,,,,,-2.693457208543279,0.1742933290872219,-0.100764448834147,0.0237561162024461,0.2264736991398327,0.5394770883312381,,,,,,,,,,,,,,,,,,,,,,,,,,,,,,,,,,,,,,,,,,,,,,,,,,,,,,,,,,,,,,,,,,,,,,,,,,
non-spinning,3,polynomial,RIT,nu-Heff_til,c3A_22_from_22_220_median,17130.14948542059,91.11781641181165,-8663.281773243722,,,,,,,,,,,,,,,,,,,,,-2.856934045379171,0.1688793572224046,0.7808293755978777,0.170907980224064,0.6423435891402548,1.6639882044383223,0.1569177724615646,0.1281979449217188,-1.2946198091999463,-2.685347976711538,,,,,,,,,,,,,,,,,,,,,,,,,,,,,,,,,,,,,,,,,,,,,,,,,,,,,,,,,,,,,,,,,,,,,,
non-spinning,1,polynomial,RIT,Jmrg_til,c3A_22_from_22_220_median,21291.517047820576,108.63018901949272,-10667.064977616914,,,,,,,,,,,,,,,,,,,,,-2.329913251826013,-0.2058657736446948,,,,,,,,,,,,,,,,,,,,,,,,,,,,,,,,,,,,,,,,,,,,,,,,,,,,,,,,,,,,,,,,,,,,,,,,,,,,,,
non-spinning,2,polynomial,RIT,Jmrg_til,c3A_22_from_22_220_median,18614.56417561969,95.45930346471634,-9338.334293966094,,,,,,,,,,,,,,,,,,,,,-2.2392746077445524,0.4672429637257697,-1.2670530220335074,,,,,,,,,,,,,,,,,,,,,,,,,,,,,,,,,,,,,,,,,,,,,,,,,,,,,,,,,,,,,,,,,,,,,,,,,,,,,
non-spinning,3,polynomial,RIT,Jmrg_til,c3A_22_from_22_220_median,17944.867569470778,92.49931736840608,-9011.845193399917,,,,,,,,,,,,,,,,,,,,,-1.5373639940076798,-1.1214093970455532,-2.0493898883155746,2.046907940455444,,,,,,,,,,,,,,,,,,,,,,,,,,,,,,,,,,,,,,,,,,,,,,,,,,,,,,,,,,,,,,,,,,,,,,,,,,,,
non-spinning,1,polynomial,RIT,nu-Jmrg_til,c3A_22_from_22_220_median,20713.12934605865,106.22117613363407,-10388.393283061783,,,,,,,,,,,,,,,,,,,,,-2.5332974096016234,0.1988879753979346,-0.0491394864470081,,,,,,,,,,,,,,,,,,,,,,,,,,,,,,,,,,,,,,,,,,,,,,,,,,,,,,,,,,,,,,,,,,,,,,,,,,,,,
non-spinning,2,polynomial,RIT,nu-Jmrg_til,c3A_22_from_22_220_median,18543.779767035056,96.58218628664092,-9332.232072201914,,,,,,,,,,,,,,,,,,,,,-2.34880400223444,0.1438964043148067,0.5461898547862385,0.0319118906158753,-0.1826586978534109,-1.2324193863496231,,,,,,,,,,,,,,,,,,,,,,,,,,,,,,,,,,,,,,,,,,,,,,,,,,,,,,,,,,,,,,,,,,,,,,,,,,
non-spinning,3,polynomial,RIT,nu-Jmrg_til,c3A_22_from_22_220_median,17723.698498824946,94.27499201502631,-8957.828119062975,,,,,,,,,,,,,,,,,,,,,-1.4285046472863256,0.3320410933122089,-1.505186955310615,-0.3591118554432734,-0.0369321043523935,-1.973920571513205,-0.1536356284403146,0.5324592858540563,-0.0982037066089334,2.199650846474077,,,,,,,,,,,,,,,,,,,,,,,,,,,,,,,,,,,,,,,,,,,,,,,,,,,,,,,,,,,,,,,,,,,,,,
non-spinning,1,polynomial,RIT,nu-Heff_til-b_massless_EOB,c3A_22_from_22_220_median,20651.014610602644,106.4485289206322,-10367.415761002178,,,,,,,,,,,,,,,,,,,,,-2.5581050536587218,0.1801889801049852,-0.0930222604124983,-0.0388625237462605,,,,,,,,,,,,,,,,,,,,,,,,,,,,,,,,,,,,,,,,,,,,,,,,,,,,,,,,,,,,,,,,,,,,,,,,,,,,
non-spinning,2,polynomial,RIT,nu-Heff_til-b_massless_EOB,c3A_22_from_22_220_median,9658.836189691756,51.37678824304125,-4926.24592938221,,,,,,,,,,,,,,,,,,,,,2.3448179032711405,-0.4442641360529181,-3.4207108288556407,-4.894096535871331,0.3198020008402754,0.4565212361813309,0.0708408279338099,-1.0581787000816885,5.990029254362472,-1.2344690514232652,,,,,,,,,,,,,,,,,,,,,,,,,,,,,,,,,,,,,,,,,,,,,,,,,,,,,,,,,,,,,,,,,,,,,,
non-spinning,3,polynomial,RIT,nu-Heff_til-b_massless_EOB,c3A_22_from_22_220_median,8453.91006909697,47.49387679267961,-4389.712792013724,,,,,,,,,,,,,,,,,,,,,-8.111076650731468,3.34637700207578,8.22079495741583,21.848283020276583,-0.1886112173440332,-1.444591811043234,-3.632963031388017,-0.3923972212937927,-22.63386168986224,-19.27032791722791,0.3498989102892662,0.0206688108531522,0.1563448241115402,-1.6489964622212216,3.0088049077934733,-1.1678565711320927,-2.030571251672712,-0.1405134421672883,18.1149188611444,1.2172505818895365,,,,,,,,,,,,,,,,,,,,,,,,,,,,,,,,,,,,,,,,,,,,,,,,,,,,,,,,,,,,
non-spinning,1,polynomial,RIT,nu-Jmrg_til-b_massless_EOB,c3A_22_from_22_220_median,20702.00998078519,106.71139165353192,-10391.840224288424,,,,,,,,,,,,,,,,,,,,,-2.583335548689007,0.1962654947416653,-0.2772011697408119,0.2569707159531596,,,,,,,,,,,,,,,,,,,,,,,,,,,,,,,,,,,,,,,,,,,,,,,,,,,,,,,,,,,,,,,,,,,,,,,,,,,,
non-spinning,2,polynomial,RIT,nu-Jmrg_til-b_massless_EOB,c3A_22_from_22_220_median,9626.000622125252,51.20213096875134,-4899.583092153007,,,,,,,,,,,,,,,,,,,,,-0.5902270463632314,-0.0279702388270018,-26.894902214647207,27.73673274670508,0.3111547720362813,3.7644759327432737,-4.013354781645121,-34.73553338258372,106.37237630433292,-74.76545223602913,,,,,,,,,,,,,,,,,,,,,,,,,,,,,,,,,,,,,,,,,,,,,,,,,,,,,,,,,,,,,,,,,,,,,,
non-spinning,3,polynomial,RIT,nu-Jmrg_til-b_massless_EOB,c3A_22_from_22_220_median,9112.14183429431,44.88739819849414,-4415.15863568288,,,,,,,,,,,,,,,,,,,,,-2.4365754143319607,1.1785375735882075,-5.155604502548671,7.327107007302331,0.1914932753780715,5.765884885119265,-5.608564487603261,-7.559066329276022,3.6433375095072273,3.071288437206696,0.3912994400133058,1.55525642350339,-1.545737566789059,-3.3074354479557355,6.982725298438893,-5.739283094114218,2.607668167180869,9.520272477212872,6.520102222478962,-20.261209109853983,,,,,,,,,,,,,,,,,,,,,,,,,,,,,,,,,,,,,,,,,,,,,,,,,,,,,,,,,,,,
non-spinning,1,polynomial,RIT,nu-Heff_til-Jmrg_til,c3A_22_from_22_220_median,20653.63064611116,106.4620136397482,-10368.864319546812,,,,,,,,,,,,,,,,,,,,,-2.581247495392222,0.1839694405203783,-0.0913608610907421,-0.0071000928497316,,,,,,,,,,,,,,,,,,,,,,,,,,,,,,,,,,,,,,,,,,,,,,,,,,,,,,,,,,,,,,,,,,,,,,,,,,,,
non-spinning,2,polynomial,RIT,nu-Heff_til-Jmrg_til,c3A_22_from_22_220_median,9632.723423931897,51.23789055282924,-4914.988039359909,,,,,,,,,,,,,,,,,,,,,1.9862157532798048,-0.3468091147881182,-2.121908350794154,-5.313522280071494,0.3176119138259897,0.3389394782563982,0.0720268751043623,-2.120288845085329,6.488229502324888,-1.0025708460041272,,,,,,,,,,,,,,,,,,,,,,,,,,,,,,,,,,,,,,,,,,,,,,,,,,,,,,,,,,,,,,,,,,,,,,
non-spinning,3,polynomial,RIT,nu-Heff_til-Jmrg_til,c3A_22_from_22_220_median,8460.682409064768,47.53192364643128,-4404.767083696372,,,,,,,,,,,,,,,,,,,,,-6.008647554526371,2.766416161127196,3.255426230182924,17.3871863314136,-0.1151331876892631,-0.4576864575085387,-3.424487807181533,2.020611461562802,-12.587415868441097,-17.804260921528,0.3439096523694371,-0.0423899109953812,0.1651200729900586,-2.0725848558336897,2.9392974662785343,-1.0166564466240489,-1.560272565086942,-5.567932433481501,16.671983655101222,1.1066650620631058,,,,,,,,,,,,,,,,,,,,,,,,,,,,,,,,,,,,,,,,,,,,,,,,,,,,,,,,,,,,
non-spinning,1,polynomial,RIT,nu,c2p_22_from_22_220_median,2640.7371659733285,13.47314880598637,-1349.0771884591577,,,,,,,,,,,,,,,,,,,,,,,,,,,,,,,,,,,,,,,,,0.1599165995113631,-0.0069455246307635,,,,,,,,,,,,,,,,,,,,,,,,,,,,,,,,,,,,,,,,,,,,,,,,,,,,,,,,,,
non-spinning,2,polynomial,RIT,nu,c2p_22_from_22_220_median,2614.387654192041,13.407116175343798,-1349.14522773254,,,,,,,,,,,,,,,,,,,,,,,,,,,,,,,,,,,,,,,,,0.1607226897764687,-0.0052580322340165,-0.0027876790903834,,,,,,,,,,,,,,,,,,,,,,,,,,,,,,,,,,,,,,,,,,,,,,,,,,,,,,,,,
non-spinning,3,polynomial,RIT,nu,c2p_22_from_22_220_median,2610.9850388474247,13.458685767254766,-1360.514179585206,,,,,,,,,,,,,,,,,,,,,,,,,,,,,,,,,,,,,,,,,0.161050916596016,-0.0070072827555052,-0.0034222183381201,0.0022194318141185,,,,,,,,,,,,,,,,,,,,,,,,,,,,,,,,,,,,,,,,,,,,,,,,,,,,,,,,
non-spinning,1,polynomial,RIT,ecc,c2p_22_from_22_220_median,3009.345120826505,15.353801636869926,-1532.529294564517,,,,,,,,,,,,,,,,,,,,,,,,,,,,,,,,,,,,,,,,,0.1538354878334325,-0.0027874166231813,,,,,,,,,,,,,,,,,,,,,,,,,,,,,,,,,,,,,,,,,,,,,,,,,,,,,,,,,,
non-spinning,2,polynomial,RIT,ecc,c2p_22_from_22_220_median,3009.3395924471106,15.432510730498002,-1546.7127704659729,,,,,,,,,,,,,,,,,,,,,,,,,,,,,,,,,,,,,,,,,0.153831284281762,-0.002759118797535,-5.796090556543252e-06,,,,,,,,,,,,,,,,,,,,,,,,,,,,,,,,,,,,,,,,,,,,,,,,,,,,,,,,,
non-spinning,3,polynomial,RIT,ecc,c2p_22_from_22_220_median,2792.3204171123443,14.3934042119193,-1451.085085297928,,,,,,,,,,,,,,,,,,,,,,,,,,,,,,,,,,,,,,,,,0.1530825182742129,-0.008673038863928,0.0058214612144867,0.0132061710699364,,,,,,,,,,,,,,,,,,,,,,,,,,,,,,,,,,,,,,,,,,,,,,,,,,,,,,,,
non-spinning,1,polynomial,RIT,nu-ecc,c2p_22_from_22_220_median,2506.8270294943213,12.855523228176006,-1296.124798880768,,,,,,,,,,,,,,,,,,,,,,,,,,,,,,,,,,,,,,,,,0.1591130060693693,-0.007143969640871,-0.00306811300978,,,,,,,,,,,,,,,,,,,,,,,,,,,,,,,,,,,,,,,,,,,,,,,,,,,,,,,,,
non-spinning,2,polynomial,RIT,nu-ecc,c2p_22_from_22_220_median,2488.515871395647,12.961020163518995,-1327.9964916488252,,,,,,,,,,,,,,,,,,,,,,,,,,,,,,,,,,,,,,,,,0.1602417505479914,-0.0060516315415882,-0.0026242727611055,-0.0021452150896834,-0.001462276653036,-0.0016434146265773,,,,,,,,,,,,,,,,,,,,,,,,,,,,,,,,,,,,,,,,,,,,,,,,,,,,,,
non-spinning,3,polynomial,RIT,nu-ecc,c2p_22_from_22_220_median,2318.159015127635,12.330633059189548,-1291.994808389495,,,,,,,,,,,,,,,,,,,,,,,,,,,,,,,,,,,,,,,,,0.1588774385794016,-0.008550626108159,-0.0086841386108965,-0.002458284792924,-0.0037814615593807,0.0042884916673066,0.0039709216876407,0.0041500512269221,-0.0011480055849326,0.0108670944539714,,,,,,,,,,,,,,,,,,,,,,,,,,,,,,,,,,,,,,,,,,,,,,,,,,
non-spinning,1,polynomial,RIT,b_massless_EOB,c2p_22_from_22_220_median,3001.304102967249,15.312776035547191,-1527.5519974304923,,,,,,,,,,,,,,,,,,,,,,,,,,,,,,,,,,,,,,,,,0.1593315944519533,-0.00728861939077,,,,,,,,,,,,,,,,,,,,,,,,,,,,,,,,,,,,,,,,,,,,,,,,,,,,,,,,,,
non-spinning,2,polynomial,RIT,b_massless_EOB,c2p_22_from_22_220_median,3000.710482379184,15.388258883995812,-1541.4518189002863,,,,,,,,,,,,,,,,,,,,,,,,,,,,,,,,,,,,,,,,,0.1595997204910188,-0.0072450641993209,-0.0007139663396925,,,,,,,,,,,,,,,,,,,,,,,,,,,,,,,,,,,,,,,,,,,,,,,,,,,,,,,,,
non-spinning,3,polynomial,RIT,b_massless_EOB,c2p_22_from_22_220_median,2822.6268996411154,14.549623194026369,-1464.2432812021798,,,,,,,,,,,,,,,,,,,,,,,,,,,,,,,,,,,,,,,,,0.1745886416292058,-0.0356288476907733,-0.0168973198345283,0.0356643409567084,,,,,,,,,,,,,,,,,,,,,,,,,,,,,,,,,,,,,,,,,,,,,,,,,,,,,,,,
non-spinning,1,polynomial,RIT,nu-b_massless_EOB,c2p_22_from_22_220_median,2437.3575572170075,12.49926952418978,-1261.102993434948,,,,,,,,,,,,,,,,,,,,,,,,,,,,,,,,,,,,,,,,,0.1667030682563075,-0.0076447588589408,-0.0098135722811162,,,,,,,,,,,,,,,,,,,,,,,,,,,,,,,,,,,,,,,,,,,,,,,,,,,,,,,,,
non-spinning,2,polynomial,RIT,nu-b_massless_EOB,c2p_22_from_22_220_median,2216.6258766035926,11.544926440643712,-1189.520703669344,,,,,,,,,,,,,,,,,,,,,,,,,,,,,,,,,,,,,,,,,0.1735734122611078,-0.0062371393761557,-0.0067925236320095,-0.0019147990147271,-0.0039228400321535,-0.0151007386092296,,,,,,,,,,,,,,,,,,,,,,,,,,,,,,,,,,,,,,,,,,,,,,,,,,,,,,
non-spinning,3,polynomial,RIT,nu-b_massless_EOB,c2p_22_from_22_220_median,2139.845556184136,11.382157213745405,-1198.6399453298368,,,,,,,,,,,,,,,,,,,,,,,,,,,,,,,,,,,,,,,,,0.1840724429705175,-0.0081761416887328,-0.025993288527161,-0.0069816024243902,-0.0040479584020752,-0.023497291813989,0.0045395771959561,0.0040098866346445,-0.0005543051497645,0.0211755420634279,,,,,,,,,,,,,,,,,,,,,,,,,,,,,,,,,,,,,,,,,,,,,,,,,,
non-spinning,1,polynomial,RIT,Heff_til,c2p_22_from_22_220_median,2952.0816211210304,15.06164092408689,-1504.547175981858,,,,,,,,,,,,,,,,,,,,,,,,,,,,,,,,,,,,,,,,,0.1528164149892471,-0.003977736437548,,,,,,,,,,,,,,,,,,,,,,,,,,,,,,,,,,,,,,,,,,,,,,,,,,,,,,,,,,
non-spinning,2,polynomial,RIT,Heff_til,c2p_22_from_22_220_median,2857.56911017228,14.654200564986049,-1470.89453111512,,,,,,,,,,,,,,,,,,,,,,,,,,,,,,,,,,,,,,,,,0.1508194125191207,-0.0020025893849363,0.0071050683213362,,,,,,,,,,,,,,,,,,,,,,,,,,,,,,,,,,,,,,,,,,,,,,,,,,,,,,,,,
non-spinning,3,polynomial,RIT,Heff_til,c2p_22_from_22_220_median,2455.0007450724765,12.654643015837507,-1282.7296495737958,,,,,,,,,,,,,,,,,,,,,,,,,,,,,,,,,,,,,,,,,0.150014207562028,-0.0136130439521549,0.0094402244811547,0.0228566990369967,,,,,,,,,,,,,,,,,,,,,,,,,,,,,,,,,,,,,,,,,,,,,,,,,,,,,,,,
non-spinning,1,polynomial,RIT,nu-Heff_til,c2p_22_from_22_220_median,2206.715919841299,11.316491896622049,-1145.995023123659,,,,,,,,,,,,,,,,,,,,,,,,,,,,,,,,,,,,,,,,,0.1583526562695577,-0.0091370296758505,-0.006743557500515,,,,,,,,,,,,,,,,,,,,,,,,,,,,,,,,,,,,,,,,,,,,,,,,,,,,,,,,,
non-spinning,2,polynomial,RIT,nu-Heff_til,c2p_22_from_22_220_median,2049.841103752249,10.67625574870963,-1108.0730715001885,,,,,,,,,,,,,,,,,,,,,,,,,,,,,,,,,,,,,,,,,0.1564330361462531,-0.0079972625356009,-0.0050169206653518,-0.0019335158815729,0.0013118568230989,0.0093861682865912,,,,,,,,,,,,,,,,,,,,,,,,,,,,,,,,,,,,,,,,,,,,,,,,,,,,,,
non-spinning,3,polynomial,RIT,nu-Heff_til,c2p_22_from_22_220_median,1808.1783987122344,9.61797020591614,-1036.2567724765163,,,,,,,,,,,,,,,,,,,,,,,,,,,,,,,,,,,,,,,,,0.1582670754322918,-0.013835697781455,-0.01368506551324,-0.0034368233032878,-0.0025958085306841,0.0024714546554932,0.0048980090182267,0.003319273055615,0.0111822967577714,0.019880227188612,,,,,,,,,,,,,,,,,,,,,,,,,,,,,,,,,,,,,,,,,,,,,,,,,,
non-spinning,1,polynomial,RIT,Jmrg_til,c2p_22_from_22_220_median,2880.639131047189,14.69713842371015,-1469.264658559811,,,,,,,,,,,,,,,,,,,,,,,,,,,,,,,,,,,,,,,,,0.1593485711438566,-0.0096183784194035,,,,,,,,,,,,,,,,,,,,,,,,,,,,,,,,,,,,,,,,,,,,,,,,,,,,,,,,,,
non-spinning,2,polynomial,RIT,Jmrg_til,c2p_22_from_22_220_median,2868.7264724158167,14.7114178072606,-1475.5211980732304,,,,,,,,,,,,,,,,,,,,,,,,,,,,,,,,,,,,,,,,,0.1596562748571055,-0.0086489618343871,-0.0027518050964705,,,,,,,,,,,,,,,,,,,,,,,,,,,,,,,,,,,,,,,,,,,,,,,,,,,,,,,,,
non-spinning,3,polynomial,RIT,Jmrg_til,c2p_22_from_22_220_median,2737.6998479955228,14.11185488657486,-1421.6010945707485,,,,,,,,,,,,,,,,,,,,,,,,,,,,,,,,,,,,,,,,,0.1680858034656251,-0.030377115853954,-0.0107643179385905,0.0284559134028065,,,,,,,,,,,,,,,,,,,,,,,,,,,,,,,,,,,,,,,,,,,,,,,,,,,,,,,,
non-spinning,1,polynomial,RIT,nu-Jmrg_til,c2p_22_from_22_220_median,2215.355470412192,11.360797284165088,-1149.2308786725594,,,,,,,,,,,,,,,,,,,,,,,,,,,,,,,,,,,,,,,,,0.1673386279316276,-0.0083787740443116,-0.013129419553484,,,,,,,,,,,,,,,,,,,,,,,,,,,,,,,,,,,,,,,,,,,,,,,,,,,,,,,,,
non-spinning,2,polynomial,RIT,nu-Jmrg_til,c2p_22_from_22_220_median,1996.8351289251343,10.400182963151742,-1079.8016472437118,,,,,,,,,,,,,,,,,,,,,,,,,,,,,,,,,,,,,,,,,0.1694451954981642,-0.0068721397904196,-0.0078608370179625,-0.0016487336527454,-0.0039341316141169,-0.0112359641866191,,,,,,,,,,,,,,,,,,,,,,,,,,,,,,,,,,,,,,,,,,,,,,,,,,,,,,
non-spinning,3,polynomial,RIT,nu-Jmrg_til,c2p_22_from_22_220_median,1905.162284148098,10.133841936957968,-1082.665166180755,,,,,,,,,,,,,,,,,,,,,,,,,,,,,,,,,,,,,,,,,0.1804989153861155,-0.0122974761887365,-0.0298616579797437,-0.0067593699010556,-0.0038268601385301,-0.0199599232732479,0.0053788283880166,0.0058348853060216,0.003823816054133,0.0235822590243368,,,,,,,,,,,,,,,,,,,,,,,,,,,,,,,,,,,,,,,,,,,,,,,,,,
non-spinning,1,polynomial,RIT,nu-Heff_til-b_massless_EOB,c2p_22_from_22_220_median,1948.8337581741453,10.045534835949203,-1030.3507447304155,,,,,,,,,,,,,,,,,,,,,,,,,,,,,,,,,,,,,,,,,0.1658259972456762,-0.0100428411240814,-0.0071779186790455,-0.0110152122628128,,,,,,,,,,,,,,,,,,,,,,,,,,,,,,,,,,,,,,,,,,,,,,,,,,,,,,,,
non-spinning,2,polynomial,RIT,nu-Heff_til-b_massless_EOB,c2p_22_from_22_220_median,1820.1522302559777,9.681660799233924,-1040.395765632754,,,,,,,,,,,,,,,,,,,,,,,,,,,,,,,,,,,,,,,,,0.1464563761185477,-0.0038025604396797,0.0185899345993533,0.0248277635876644,-0.0024863152687918,-0.0042740422739747,-0.0056503408772145,0.0039059491574546,-0.036380454654114,-0.0128976272273124,,,,,,,,,,,,,,,,,,,,,,,,,,,,,,,,,,,,,,,,,,,,,,,,,,
non-spinning,3,polynomial,RIT,nu-Heff_til-b_massless_EOB,c2p_22_from_22_220_median,1473.3724178716016,8.277373134110121,-967.3218905034514,,,,,,,,,,,,,,,,,,,,,,,,,,,,,,,,,,,,,,,,,0.0992274874400841,-0.0153793984571265,-0.063256857518701,0.0848298913560179,-0.010669116298205,-0.0126021006926368,-0.0053259103308755,0.1039530246665291,0.0499446766972163,-0.0186901788636546,0.004482375415393,0.0116626247583767,0.0119805057726948,0.0283907020651063,0.0178889233574782,0.011775134495397,0.0646548725865854,-0.1357787993313989,-0.0140550398817538,0.0046484696462143,,,,,,,,,,,,,,,,,,,,,,,,,,,,,,,,,,,,,,,,
non-spinning,1,polynomial,RIT,nu-Jmrg_til-b_massless_EOB,c2p_22_from_22_220_median,1935.9281003955944,9.979010826781414,-1022.6239604701756,,,,,,,,,,,,,,,,,,,,,,,,,,,,,,,,,,,,,,,,,0.1606516166223474,-0.0093812579880898,-0.045041963426182,0.0360907784207865,,,,,,,,,,,,,,,,,,,,,,,,,,,,,,,,,,,,,,,,,,,,,,,,,,,,,,,,
non-spinning,2,polynomial,RIT,nu-Jmrg_til-b_massless_EOB,c2p_22_from_22_220_median,1813.980754449934,9.648833800265606,-1028.3731340768345,,,,,,,,,,,,,,,,,,,,,,,,,,,,,,,,,,,,,,,,,0.1623128699722964,-0.0073780620951355,0.1259895084067024,-0.1344385447956642,-0.0023065458103088,-0.0317797812024537,0.0282323121040003,0.0721967172597629,-0.3665707330714399,0.2911787194409468,,,,,,,,,,,,,,,,,,,,,,,,,,,,,,,,,,,,,,,,,,,,,,,,,,
non-spinning,3,polynomial,RIT,nu-Jmrg_til-b_massless_EOB,c2p_22_from_22_220_median,7719.515232310412,38.027168632071,-941.0068113879602,,,,,,,,,,,,,,,,,,,,,,,,,,,,,,,,,,,,,,,,,0.0960273258030078,0.0540401953524641,-0.2765921241294386,0.2372522736211689,-0.0292034506665628,-0.5419791134178772,0.5442869025152777,1.906743785021886,-2.5534027396538006,0.7365085084921797,0.0199030512661757,0.0449363510468834,-0.0384699939315957,-2.386055634291694,5.0122484805172265,-2.705666669697268,0.5270845770258291,-1.7737340516685038,1.0206578527961747,0.2622632576974563,,,,,,,,,,,,,,,,,,,,,,,,,,,,,,,,,,,,,,,,
non-spinning,1,polynomial,RIT,nu-Heff_til-Jmrg_til,c2p_22_from_22_220_median,1945.582586475828,10.028776218947568,-1028.5452681970216,,,,,,,,,,,,,,,,,,,,,,,,,,,,,,,,,,,,,,,,,0.1646770876981306,-0.0098793223910011,-0.0054880619940101,-0.0106345583584516,,,,,,,,,,,,,,,,,,,,,,,,,,,,,,,,,,,,,,,,,,,,,,,,,,,,,,,,
non-spinning,2,polynomial,RIT,nu-Heff_til-Jmrg_til,c2p_22_from_22_220_median,1812.730769654776,9.642184944972213,-1038.391227759479,,,,,,,,,,,,,,,,,,,,,,,,,,,,,,,,,,,,,,,,,0.1481983561826028,-0.0046640185615091,0.0124381801527723,0.0230687152244137,-0.002438254027814,-0.0030818385340775,-0.0053171650404345,0.0097535724421047,-0.0328578345854633,-0.0129373146315129,,,,,,,,,,,,,,,,,,,,,,,,,,,,,,,,,,,,,,,,,,,,,,,,,,
non-spinning,3,polynomial,RIT,nu-Heff_til-Jmrg_til,c2p_22_from_22_220_median,1449.9404213705327,8.145732704328836,-965.6562467681936,,,,,,,,,,,,,,,,,,,,,,,,,,,,,,,,,,,,,,,,,0.108506808552106,-0.0175843358253246,-0.0736442125972536,0.0756306594052144,-0.0093596300174078,-0.0102700926007346,-0.0011813951054319,0.083852526562628,0.0583058924333112,-0.0101530267973498,0.0043395129295019,0.0097088446541364,0.0114394534444959,0.0280679736503157,0.0125379707638685,0.0105249806291524,0.0867531083703114,-0.1299983326349852,-0.0219208713758622,0.0015920011039479,,,,,,,,,,,,,,,,,,,,,,,,,,,,,,,,,,,,,,,,
non-spinning,1,polynomial,RIT,nu,c3p_22_from_22_220_median,6675.504989994698,34.05869892854438,-3357.066522771557,,,,,,,,,,,,,,,,,,,,,,,,,,,,,,,,,,,,,,,,,,,,,,,,,,,,,,,,,,,,,2.727079923132311,0.3328537963144091,,,,,,,,,,,,,,,,,,,,,,,,,,,,,,,,,,,,,,
non-spinning,2,polynomial,RIT,nu,c3p_22_from_22_220_median,6581.203709950312,33.749762615129804,-3319.462961196045,,,,,,,,,,,,,,,,,,,,,,,,,,,,,,,,,,,,,,,,,,,,,,,,,,,,,,,,,,,,,2.9231314178719763,0.4993824913046355,-0.4421065048093193,,,,,,,,,,,,,,,,,,,,,,,,,,,,,,,,,,,,,
non-spinning,3,polynomial,RIT,nu,c3p_22_from_22_220_median,6505.015443546737,33.53100744096256,-3289.82374416343,,,,,,,,,,,,,,,,,,,,,,,,,,,,,,,,,,,,,,,,,,,,,,,,,,,,,,,,,,,,,3.0274290469540053,-0.1919213894263462,-0.6151047016082503,0.8307545803861881,,,,,,,,,,,,,,,,,,,,,,,,,,,,,,,,,,,,
non-spinning,1,polynomial,RIT,ecc,c3p_22_from_22_220_median,5014.6291715370735,25.584842711923844,-2527.4708725518685,,,,,,,,,,,,,,,,,,,,,,,,,,,,,,,,,,,,,,,,,,,,,,,,,,,,,,,,,,,,,2.79175831586579,-0.9974233685690088,,,,,,,,,,,,,,,,,,,,,,,,,,,,,,,,,,,,,,
non-spinning,2,polynomial,RIT,ecc,c3p_22_from_22_220_median,4515.736200636215,23.157621541724176,-2286.7767404180413,,,,,,,,,,,,,,,,,,,,,,,,,,,,,,,,,,,,,,,,,,,,,,,,,,,,,,,,,,,,,3.138003995051008,-1.2124241117971983,-0.9877069945359078,,,,,,,,,,,,,,,,,,,,,,,,,,,,,,,,,,,,,
non-spinning,3,polynomial,RIT,ecc,c3p_22_from_22_220_median,4310.3331862569885,22.21821230029376,-2192.549110455048,,,,,,,,,,,,,,,,,,,,,,,,,,,,,,,,,,,,,,,,,,,,,,,,,,,,,,,,,,,,,3.152657083431873,-1.9243708723485928,-0.9149053885494756,1.080950362907631,,,,,,,,,,,,,,,,,,,,,,,,,,,,,,,,,,,,
non-spinning,1,polynomial,RIT,nu-ecc,c3p_22_from_22_220_median,4983.25568353024,25.55515735143713,-2521.2694609742907,,,,,,,,,,,,,,,,,,,,,,,,,,,,,,,,,,,,,,,,,,,,,,,,,,,,,,,,,,,,,2.705087966439494,0.1447025735938549,-0.9744170805521754,,,,,,,,,,,,,,,,,,,,,,,,,,,,,,,,,,,,,
non-spinning,2,polynomial,RIT,nu-ecc,c3p_22_from_22_220_median,4471.827143141783,23.29076637053012,-2292.84594970235,,,,,,,,,,,,,,,,,,,,,,,,,,,,,,,,,,,,,,,,,,,,,,,,,,,,,,,,,,,,,3.194809078906597,0.2122478047999288,-1.1459207133760247,-0.2663963029935555,-0.0543015985811931,-1.0048587574250438,,,,,,,,,,,,,,,,,,,,,,,,,,,,,,,,,,
non-spinning,3,polynomial,RIT,nu-ecc,c3p_22_from_22_220_median,4197.837701742933,22.328923945441133,-2187.76776895715,,,,,,,,,,,,,,,,,,,,,,,,,,,,,,,,,,,,,,,,,,,,,,,,,,,,,,,,,,,,,3.165457282980114,-0.110787479303439,-1.9001480885190425,-0.4024901505536229,-0.2927743890514002,-0.7140312583117286,0.5853797448063405,0.358857971647347,-0.3242873914692341,1.0053166447047857,,,,,,,,,,,,,,,,,,,,,,,,,,,,,,
non-spinning,1,polynomial,RIT,b_massless_EOB,c3p_22_from_22_220_median,6321.591674442769,32.253018747156986,-3180.197486383644,,,,,,,,,,,,,,,,,,,,,,,,,,,,,,,,,,,,,,,,,,,,,,,,,,,,,,,,,,,,,2.4816374720909624,0.8303354471118897,,,,,,,,,,,,,,,,,,,,,,,,,,,,,,,,,,,,,,
non-spinning,2,polynomial,RIT,b_massless_EOB,c3p_22_from_22_220_median,6141.701453655807,31.4959048905426,-3098.127857943002,,,,,,,,,,,,,,,,,,,,,,,,,,,,,,,,,,,,,,,,,,,,,,,,,,,,,,,,,,,,,3.060846855134735,0.682207912416776,-1.12375071836868,,,,,,,,,,,,,,,,,,,,,,,,,,,,,,,,,,,,,
non-spinning,3,polynomial,RIT,b_massless_EOB,c3p_22_from_22_220_median,6114.9413839106255,31.52031641191044,-3093.259209565739,,,,,,,,,,,,,,,,,,,,,,,,,,,,,,,,,,,,,,,,,,,,,,,,,,,,,,,,,,,,,2.8497120590752845,1.2815287033530107,-0.984350167247102,-0.8032205148016026,,,,,,,,,,,,,,,,,,,,,,,,,,,,,,,,,,,,
non-spinning,1,polynomial,RIT,nu-b_massless_EOB,c3p_22_from_22_220_median,6132.283965104944,31.44761007746125,-3094.02696439223,,,,,,,,,,,,,,,,,,,,,,,,,,,,,,,,,,,,,,,,,,,,,,,,,,,,,,,,,,,,,2.251671809401921,0.3531597727658207,0.848153846213729,,,,,,,,,,,,,,,,,,,,,,,,,,,,,,,,,,,,,
non-spinning,2,polynomial,RIT,nu-b_massless_EOB,c3p_22_from_22_220_median,5949.2010970144565,30.985422380283627,-3030.2517276038843,,,,,,,,,,,,,,,,,,,,,,,,,,,,,,,,,,,,,,,,,,,,,,,,,,,,,,,,,,,,,2.8470802600963525,0.2622149146833399,0.6334431235058393,-0.4097449537010218,0.3184132817114673,-0.55005770206795,,,,,,,,,,,,,,,,,,,,,,,,,,,,,,,,,,
non-spinning,3,polynomial,RIT,nu-b_massless_EOB,c3p_22_from_22_220_median,5875.302459977296,31.25160882966647,-3024.733822364792,,,,,,,,,,,,,,,,,,,,,,,,,,,,,,,,,,,,,,,,,,,,,,,,,,,,,,,,,,,,,2.7742989274331338,0.1009415058322359,0.7229970734386958,-0.5913371679870572,0.2871745917371603,-0.2900958119953377,0.7112210216837233,-0.1461987530313419,-0.7095115485919796,-0.0851323632911478,,,,,,,,,,,,,,,,,,,,,,,,,,,,,,
non-spinning,1,polynomial,RIT,Heff_til,c3p_22_from_22_220_median,3542.942875580769,18.076239161126374,-1791.0180445952951,,,,,,,,,,,,,,,,,,,,,,,,,,,,,,,,,,,,,,,,,,,,,,,,,,,,,,,,,,,,,2.6513684222681624,-1.285326854852752,,,,,,,,,,,,,,,,,,,,,,,,,,,,,,,,,,,,,,
non-spinning,2,polynomial,RIT,Heff_til,c3p_22_from_22_220_median,3540.59063326761,18.156875042398,-1799.2497995756612,,,,,,,,,,,,,,,,,,,,,,,,,,,,,,,,,,,,,,,,,,,,,,,,,,,,,,,,,,,,,2.6086631117803853,-1.2855215196048684,0.0940958245908853,,,,,,,,,,,,,,,,,,,,,,,,,,,,,,,,,,,,,
non-spinning,3,polynomial,RIT,Heff_til,c3p_22_from_22_220_median,3321.4306644841145,17.120776621052137,-1697.5784993955906,,,,,,,,,,,,,,,,,,,,,,,,,,,,,,,,,,,,,,,,,,,,,,,,,,,,,,,,,,,,,2.7201926795147364,-2.170674475927982,-0.268230393354691,1.512961734679271,,,,,,,,,,,,,,,,,,,,,,,,,,,,,,,,,,,,
non-spinning,1,polynomial,RIT,nu-Heff_til,c3p_22_from_22_220_median,3483.9849497920386,17.866589486113018,-1771.2557131976578,,,,,,,,,,,,,,,,,,,,,,,,,,,,,,,,,,,,,,,,,,,,,,,,,,,,,,,,,,,,,2.768504508097096,-0.2092547998688893,-1.347882521546254,,,,,,,,,,,,,,,,,,,,,,,,,,,,,,,,,,,,,
non-spinning,2,polynomial,RIT,nu-Heff_til,c3p_22_from_22_220_median,3449.6112192285946,17.96672510014893,-1781.3496615556085,,,,,,,,,,,,,,,,,,,,,,,,,,,,,,,,,,,,,,,,,,,,,,,,,,,,,,,,,,,,,2.8302317342118304,-0.091922997833774,-1.3056558067257265,-0.2789957814656508,-0.0555401524095353,0.1230605009461408,,,,,,,,,,,,,,,,,,,,,,,,,,,,,,,,,,
non-spinning,3,polynomial,RIT,nu-Heff_til,c3p_22_from_22_220_median,3207.7958270569743,17.062743760941352,-1692.4536845158984,,,,,,,,,,,,,,,,,,,,,,,,,,,,,,,,,,,,,,,,,,,,,,,,,,,,,,,,,,,,,3.1930637407682654,-0.6485120941273333,-2.015678875744608,-0.4239828694527459,-0.5690007611398958,-1.0623511380146802,0.4923684140084713,0.1204833452419932,0.8517095604181897,1.810255901209734,,,,,,,,,,,,,,,,,,,,,,,,,,,,,,
non-spinning,1,polynomial,RIT,Jmrg_til,c3p_22_from_22_220_median,6760.143463858696,34.49052787683008,-3400.309359667111,,,,,,,,,,,,,,,,,,,,,,,,,,,,,,,,,,,,,,,,,,,,,,,,,,,,,,,,,,,,,2.780891084390842,0.3539231422080357,,,,,,,,,,,,,,,,,,,,,,,,,,,,,,,,,,,,,,
non-spinning,2,polynomial,RIT,Jmrg_til,c3p_22_from_22_220_median,5159.022399597135,26.45652512613915,-2607.9609917075304,,,,,,,,,,,,,,,,,,,,,,,,,,,,,,,,,,,,,,,,,,,,,,,,,,,,,,,,,,,,,3.70750498535516,0.0745717145857128,-2.5045979924016013,,,,,,,,,,,,,,,,,,,,,,,,,,,,,,,,,,,,,
non-spinning,3,polynomial,RIT,Jmrg_til,c3p_22_from_22_220_median,5138.137728786694,26.48524602467368,-2605.0858633599114,,,,,,,,,,,,,,,,,,,,,,,,,,,,,,,,,,,,,,,,,,,,,,,,,,,,,,,,,,,,,3.516088301543584,0.6265832319587418,-2.36720007420283,-0.7272349187759306,,,,,,,,,,,,,,,,,,,,,,,,,,,,,,,,,,,,
non-spinning,1,polynomial,RIT,nu-Jmrg_til,c3p_22_from_22_220_median,6559.483762567704,33.63837826957797,-3308.510139469689,,,,,,,,,,,,,,,,,,,,,,,,,,,,,,,,,,,,,,,,,,,,,,,,,,,,,,,,,,,,,2.5285273589916577,0.3676625865964297,0.411344345247729,,,,,,,,,,,,,,,,,,,,,,,,,,,,,,,,,,,,,
non-spinning,2,polynomial,RIT,nu-Jmrg_til,c3p_22_from_22_220_median,5121.705620033128,26.67555010433921,-2617.006738185827,,,,,,,,,,,,,,,,,,,,,,,,,,,,,,,,,,,,,,,,,,,,,,,,,,,,,,,,,,,,,3.858836116617937,0.0375527935465312,0.1141266125713937,-0.1680893015697867,-0.1717889041895302,-2.621701357698269,,,,,,,,,,,,,,,,,,,,,,,,,,,,,,,,,,
non-spinning,3,polynomial,RIT,nu-Jmrg_til,c3p_22_from_22_220_median,4906.3489222363005,26.097600650193087,-2540.847724358593,,,,,,,,,,,,,,,,,,,,,,,,,,,,,,,,,,,,,,,,,,,,,,,,,,,,,,,,,,,,,3.356164566483625,0.2352992007846425,1.1365799323096082,-0.5896494955847305,-0.2700124595202988,-1.7319303805417618,0.6854412384484785,-0.0630352932457833,-1.423913558056399,-1.3870651005666046,,,,,,,,,,,,,,,,,,,,,,,,,,,,,,
non-spinning,1,polynomial,RIT,nu-Heff_til-b_massless_EOB,c3p_22_from_22_220_median,3464.2432170177203,17.856923799060414,-1770.575220992831,,,,,,,,,,,,,,,,,,,,,,,,,,,,,,,,,,,,,,,,,,,,,,,,,,,,,,,,,,,,,2.874446746669614,-0.2396140113279868,-1.407871017464946,-0.1859254993788416,,,,,,,,,,,,,,,,,,,,,,,,,,,,,,,,,,,,
non-spinning,2,polynomial,RIT,nu-Heff_til-b_massless_EOB,c3p_22_from_22_220_median,2435.2595033343187,12.95350799645914,-1305.86690319311,,,,,,,,,,,,,,,,,,,,,,,,,,,,,,,,,,,,,,,,,,,,,,,,,,,,,,,,,,,,,-5.101953196810255,0.6511848115590377,6.28625575818546,11.562286746661512,-0.2390382117731185,-0.660683099766358,-0.1304419985206769,2.077658918667812,-11.69718986423117,-1.7825663702911834,,,,,,,,,,,,,,,,,,,,,,,,,,,,,,
non-spinning,3,polynomial,RIT,nu-Heff_til-b_massless_EOB,c3p_22_from_22_220_median,2007.1150575787944,11.275927289768507,-1156.723161741265,,,,,,,,,,,,,,,,,,,,,,,,,,,,,,,,,,,,,,,,,,,,,,,,,,,,,,,,,,,,,25.90665873156525,-11.09538877606221,-18.763791141495847,-61.91188542659904,-0.6920657074257482,2.9190479863817944,10.307983443933823,-10.476857756596726,49.34867083224327,40.78921408566933,0.5366610352101466,1.6574644290706049,1.613063769344108,8.077634862978579,-6.50496637755393,2.827284919268555,3.790753240233641,11.721002764198657,-38.6563009823476,2.1509552285999423,,,,,,,,,,,,,,,,,,,,
non-spinning,1,polynomial,RIT,nu-Jmrg_til-b_massless_EOB,c3p_22_from_22_220_median,3401.521486648355,17.53361591055853,-1736.8929425172234,,,,,,,,,,,,,,,,,,,,,,,,,,,,,,,,,,,,,,,,,,,,,,,,,,,,,,,,,,,,,1.8772330500681944,-0.1356547981791641,-8.712977203662131,8.970649552114278,,,,,,,,,,,,,,,,,,,,,,,,,,,,,,,,,,,,
non-spinning,2,polynomial,RIT,nu-Jmrg_til-b_massless_EOB,c3p_22_from_22_220_median,2406.628240701128,12.801214046282595,-1281.9783857225343,,,,,,,,,,,,,,,,,,,,,,,,,,,,,,,,,,,,,,,,,,,,,,,,,,,,,,,,,,,,,0.2260697443227948,0.0062146010710204,51.59344599171472,-51.06692790535003,-0.224145727388592,-6.305280608740462,6.6962621466110885,71.42421912348732,-216.1840658162297,146.95593621948194,,,,,,,,,,,,,,,,,,,,,,,,,,,,,,
non-spinning,3,polynomial,RIT,nu-Jmrg_til-b_massless_EOB,c3p_22_from_22_220_median,2685.855353862691,13.23081455104774,-1175.7388241985263,,,,,,,,,,,,,,,,,,,,,,,,,,,,,,,,,,,,,,,,,,,,,,,,,,,,,,,,,,,,,10.198678194292636,-3.387834693133752,-196.8518242164409,181.3240571432292,-0.317074628263632,75.17866440771083,-75.56244591033956,-136.67063386517222,756.7525815103936,-628.306939259721,1.0057852471117184,0.9448803419337494,-0.0167309788684093,136.55251771183364,-356.89974242586885,225.43052751279967,588.4620161055722,-1403.1957968521178,737.0234326872175,95.85560084932187,,,,,,,,,,,,,,,,,,,,
non-spinning,1,polynomial,RIT,nu-Heff_til-Jmrg_til,c3p_22_from_22_220_median,3462.868026632448,17.849835188827054,-1770.8844920562788,,,,,,,,,,,,,,,,,,,,,,,,,,,,,,,,,,,,,,,,,,,,,,,,,,,,,,,,,,,,,2.8569233822193745,-0.2384581734569218,-1.38274621126068,-0.1768152363288666,,,,,,,,,,,,,,,,,,,,,,,,,,,,,,,,,,,,
non-spinning,2,polynomial,RIT,nu-Heff_til-Jmrg_til,c3p_22_from_22_220_median,2424.8692132976307,12.898240496263991,-1299.877591714684,,,,,,,,,,,,,,,,,,,,,,,,,,,,,,,,,,,,,,,,,,,,,,,,,,,,,,,,,,,,,-4.151597581776521,0.4777176367549507,3.496310345447376,11.231645245046328,-0.2315309230816492,-0.4579451586657891,-0.080864974500589,3.9841028671418366,-11.234995019792317,-1.725810466856036,,,,,,,,,,,,,,,,,,,,,,,,,,,,,,
non-spinning,3,polynomial,RIT,nu-Heff_til-Jmrg_til,c3p_22_from_22_220_median,2005.67181021474,11.267819158509774,-1156.6268102746485,,,,,,,,,,,,,,,,,,,,,,,,,,,,,,,,,,,,,,,,,,,,,,,,,,,,,,,,,,,,,20.28469255238056,-9.595810363144173,-5.828985705242364,-52.5430837425203,-0.6668263395679495,0.2563505466053753,9.8777500387403,-14.98842779573134,28.155153353827483,39.61753819225531,0.5273527908336849,1.5494189304896129,1.5257441456755925,9.025213439279913,-6.520599328286201,2.558232255303908,0.9601819450428112,23.6121254984224,-37.994268434368855,1.74331185639686,,,,,,,,,,,,,,,,,,,,
non-spinning,1,polynomial,RIT,nu,c4p_22_from_22_220_median,18908.62935752001,96.4725987628572,-9473.406487645916,,,,,,,,,,,,,,,,,,,,,,,,,,,,,,,,,,,,,,,,,,,,,,,,,,,,,,,,,,,,,,,,,,,,,,,,,,,,,,,,,1.957988559777806,0.4826480658461066,,,,,,,,,,,,,,,,,,
non-spinning,2,polynomial,RIT,nu,c4p_22_from_22_220_median,18870.001983742342,96.76924094226844,-9463.95100634646,,,,,,,,,,,,,,,,,,,,,,,,,,,,,,,,,,,,,,,,,,,,,,,,,,,,,,,,,,,,,,,,,,,,,,,,,,,,,,,,,2.108036966310303,0.6014516795216336,-0.3150689616843254,,,,,,,,,,,,,,,,,
non-spinning,3,polynomial,RIT,nu,c4p_22_from_22_220_median,18865.51334976695,97.24491417405643,-9469.334996882702,,,,,,,,,,,,,,,,,,,,,,,,,,,,,,,,,,,,,,,,,,,,,,,,,,,,,,,,,,,,,,,,,,,,,,,,,,,,,,,,,2.14781203616628,0.4096920725255716,-0.3770217159321955,0.2256785079906008,,,,,,,,,,,,,,,,
non-spinning,1,polynomial,RIT,ecc,c4p_22_from_22_220_median,16107.030995067267,82.17872956666974,-8073.57908284011,,,,,,,,,,,,,,,,,,,,,,,,,,,,,,,,,,,,,,,,,,,,,,,,,,,,,,,,,,,,,,,,,,,,,,,,,,,,,,,,,2.3282331447693725,-1.3274517539874084,,,,,,,,,,,,,,,,,,
non-spinning,2,polynomial,RIT,ecc,c4p_22_from_22_220_median,14882.94711662204,76.32280572626686,-7470.579459944951,,,,,,,,,,,,,,,,,,,,,,,,,,,,,,,,,,,,,,,,,,,,,,,,,,,,,,,,,,,,,,,,,,,,,,,,,,,,,,,,,2.903289781169337,-1.439344990543959,-1.5091036439536416,,,,,,,,,,,,,,,,,
non-spinning,3,polynomial,RIT,ecc,c4p_22_from_22_220_median,14574.665172183117,75.12714006279955,-7324.8989814543165,,,,,,,,,,,,,,,,,,,,,,,,,,,,,,,,,,,,,,,,,,,,,,,,,,,,,,,,,,,,,,,,,,,,,,,,,,,,,,,,,2.998027577241219,-2.365769724040503,-1.6281393288784178,1.3207717812868536,,,,,,,,,,,,,,,,
non-spinning,1,polynomial,RIT,nu-ecc,c4p_22_from_22_220_median,16044.644285226685,82.28022710372659,-8051.416642867771,,,,,,,,,,,,,,,,,,,,,,,,,,,,,,,,,,,,,,,,,,,,,,,,,,,,,,,,,,,,,,,,,,,,,,,,,,,,,,,,,2.163210635937776,0.2321875095081845,-1.292064429702842,,,,,,,,,,,,,,,,,
non-spinning,2,polynomial,RIT,nu-ecc,c4p_22_from_22_220_median,14834.261387199444,77.26177805833044,-7473.726681818106,,,,,,,,,,,,,,,,,,,,,,,,,,,,,,,,,,,,,,,,,,,,,,,,,,,,,,,,,,,,,,,,,,,,,,,,,,,,,,,,,2.816220147960936,0.2953805213212206,-1.276488293667795,-0.1757200853016827,-0.1835285271801583,-1.5082307961607646,,,,,,,,,,,,,,
non-spinning,3,polynomial,RIT,nu-ecc,c4p_22_from_22_220_median,14464.459309445923,76.93861334811662,-7320.68627002122,,,,,,,,,,,,,,,,,,,,,,,,,,,,,,,,,,,,,,,,,,,,,,,,,,,,,,,,,,,,,,,,,,,,,,,,,,,,,,,,,2.954730557179836,0.454449041571562,-2.3864780538791504,-0.4480836444191616,-0.7125869467425685,-1.707724787941873,0.0672986281337616,0.8376897518943303,0.0379582179428624,1.278450433146305,,,,,,,,,,
non-spinning,1,polynomial,RIT,b_massless_EOB,c4p_22_from_22_220_median,17238.020935109715,87.949086403621,-8639.40583545893,,,,,,,,,,,,,,,,,,,,,,,,,,,,,,,,,,,,,,,,,,,,,,,,,,,,,,,,,,,,,,,,,,,,,,,,,,,,,,,,,1.6972544981605346,1.3163595977791136,,,,,,,,,,,,,,,,,,
non-spinning,2,polynomial,RIT,b_massless_EOB,c4p_22_from_22_220_median,16920.935458669643,86.77402799317765,-8488.44547812175,,,,,,,,,,,,,,,,,,,,,,,,,,,,,,,,,,,,,,,,,,,,,,,,,,,,,,,,,,,,,,,,,,,,,,,,,,,,,,,,,2.566582430758121,0.9148552604221808,-1.5317535975178975,,,,,,,,,,,,,,,,,
non-spinning,3,polynomial,RIT,b_massless_EOB,c4p_22_from_22_220_median,16685.826650449824,86.00941572396816,-8378.871962804411,,,,,,,,,,,,,,,,,,,,,,,,,,,,,,,,,,,,,,,,,,,,,,,,,,,,,,,,,,,,,,,,,,,,,,,,,,,,,,,,,1.7555261301755911,3.215544236317226,-1.1506010794321533,-2.908899188240142,,,,,,,,,,,,,,,,
non-spinning,1,polynomial,RIT,nu-b_massless_EOB,c4p_22_from_22_220_median,16963.986592501795,86.99480303847075,-8511.574419827155,,,,,,,,,,,,,,,,,,,,,,,,,,,,,,,,,,,,,,,,,,,,,,,,,,,,,,,,,,,,,,,,,,,,,,,,,,,,,,,,,1.3649516804041049,0.4796996998470434,1.3168960150315292,,,,,,,,,,,,,,,,,
non-spinning,2,polynomial,RIT,nu-b_massless_EOB,c4p_22_from_22_220_median,16720.48558579555,87.0858624260185,-8415.839606614469,,,,,,,,,,,,,,,,,,,,,,,,,,,,,,,,,,,,,,,,,,,,,,,,,,,,,,,,,,,,,,,,,,,,,,,,,,,,,,,,,2.246367028015245,0.3198798541939722,0.8251710359583719,-0.2328971911130062,0.3334184806893807,-1.0845664141114062,,,,,,,,,,,,,,
non-spinning,3,polynomial,RIT,nu-b_massless_EOB,c4p_22_from_22_220_median,16570.4675601646,88.14078489449255,-8372.30649339736,,,,,,,,,,,,,,,,,,,,,,,,,,,,,,,,,,,,,,,,,,,,,,,,,,,,,,,,,,,,,,,,,,,,,,,,,,,,,,,,,1.6661254442546474,0.3587598961863932,2.7152285388739754,-0.233446318395821,0.3116801917489175,-0.8000128450841267,-0.1099618179328967,0.0674887007429443,-0.1038528039654231,-2.466965751469652,,,,,,,,,,
non-spinning,1,polynomial,RIT,Heff_til,c4p_22_from_22_220_median,13789.6817134796,70.3555189463245,-6914.995331430818,,,,,,,,,,,,,,,,,,,,,,,,,,,,,,,,,,,,,,,,,,,,,,,,,,,,,,,,,,,,,,,,,,,,,,,,,,,,,,,,,2.1692233759284543,-1.561106537753688,,,,,,,,,,,,,,,,,,
non-spinning,2,polynomial,RIT,Heff_til,c4p_22_from_22_220_median,13630.016614303217,69.89752109899085,-6843.843103578841,,,,,,,,,,,,,,,,,,,,,,,,,,,,,,,,,,,,,,,,,,,,,,,,,,,,,,,,,,,,,,,,,,,,,,,,,,,,,,,,,1.807137592196212,-1.6115506094987782,0.7421779176804149,,,,,,,,,,,,,,,,,
non-spinning,3,polynomial,RIT,Heff_til,c4p_22_from_22_220_median,13531.644152762216,69.75074305547534,-6802.696425063656,,,,,,,,,,,,,,,,,,,,,,,,,,,,,,,,,,,,,,,,,,,,,,,,,,,,,,,,,,,,,,,,,,,,,,,,,,,,,,,,,1.730175329197149,-1.022478939271265,0.9836801296225482,-0.9673654500476636,,,,,,,,,,,,,,,,
non-spinning,1,polynomial,RIT,nu-Heff_til,c4p_22_from_22_220_median,13736.28839129057,70.44250457072087,-6897.267706713919,,,,,,,,,,,,,,,,,,,,,,,,,,,,,,,,,,,,,,,,,,,,,,,,,,,,,,,,,,,,,,,,,,,,,,,,,,,,,,,,,2.3212478882466048,-0.2259559690347035,-1.6160271676233429,,,,,,,,,,,,,,,,,
non-spinning,2,polynomial,RIT,nu-Heff_til,c4p_22_from_22_220_median,13524.597262510984,70.4406107422447,-6818.529337724538,,,,,,,,,,,,,,,,,,,,,,,,,,,,,,,,,,,,,,,,,,,,,,,,,,,,,,,,,,,,,,,,,,,,,,,,,,,,,,,,,2.100192854428756,-0.1412242032877083,-1.7161056460189996,-0.3152155098628086,0.0601932392496867,0.8215693718012481,,,,,,,,,,,,,,
non-spinning,3,polynomial,RIT,nu-Heff_til,c4p_22_from_22_220_median,13338.140303942746,70.94755480820609,-6756.865411573612,,,,,,,,,,,,,,,,,,,,,,,,,,,,,,,,,,,,,,,,,,,,,,,,,,,,,,,,,,,,,,,,,,,,,,,,,,,,,,,,,2.1346133175728808,-0.2923136090282299,-1.2851871921538915,-0.6390009250832578,-0.3053469405815465,1.0005150571572572,0.3296707016038844,0.7781765437803211,0.2000678954338538,-1.199183027596126,,,,,,,,,,
non-spinning,1,polynomial,RIT,Jmrg_til,c4p_22_from_22_220_median,18195.12331082253,92.83226178991087,-9116.665668069949,,,,,,,,,,,,,,,,,,,,,,,,,,,,,,,,,,,,,,,,,,,,,,,,,,,,,,,,,,,,,,,,,,,,,,,,,,,,,,,,,1.9407775280277235,0.9917333276983612,,,,,,,,,,,,,,,,,,
non-spinning,2,polynomial,RIT,Jmrg_til,c4p_22_from_22_220_median,15139.149341955925,77.63666329208165,-7597.827680355358,,,,,,,,,,,,,,,,,,,,,,,,,,,,,,,,,,,,,,,,,,,,,,,,,,,,,,,,,,,,,,,,,,,,,,,,,,,,,,,,,3.700912688865101,-0.2064145324879922,-3.862051177061194,,,,,,,,,,,,,,,,,
non-spinning,3,polynomial,RIT,Jmrg_til,c4p_22_from_22_220_median,14985.904635370338,77.24693111015638,-7528.29304367999,,,,,,,,,,,,,,,,,,,,,,,,,,,,,,,,,,,,,,,,,,,,,,,,,,,,,,,,,,,,,,,,,,,,,,,,,,,,,,,,,3.0517146324599302,1.7124681533956156,-3.5766616398064124,-2.4153149552478803,,,,,,,,,,,,,,,,
non-spinning,1,polynomial,RIT,nu-Jmrg_til,c4p_22_from_22_220_median,17845.907173612446,91.51747268519205,-8952.228421605523,,,,,,,,,,,,,,,,,,,,,,,,,,,,,,,,,,,,,,,,,,,,,,,,,,,,,,,,,,,,,,,,,,,,,,,,,,,,,,,,,1.5466924021026578,0.5433503797065328,1.0273314998029122,,,,,,,,,,,,,,,,,
non-spinning,2,polynomial,RIT,nu-Jmrg_til,c4p_22_from_22_220_median,15053.224612590995,78.40221152391145,-7582.165212456155,,,,,,,,,,,,,,,,,,,,,,,,,,,,,,,,,,,,,,,,,,,,,,,,,,,,,,,,,,,,,,,,,,,,,,,,,,,,,,,,,3.976412306953773,-0.0223775034780305,-0.1322915680272954,-0.1244835036586844,-0.3460493739310629,-4.1846837769932455,,,,,,,,,,,,,,
non-spinning,3,polynomial,RIT,nu-Jmrg_til,c4p_22_from_22_220_median,14641.970538033454,77.88282201081624,-7407.232600559589,,,,,,,,,,,,,,,,,,,,,,,,,,,,,,,,,,,,,,,,,,,,,,,,,,,,,,,,,,,,,,,,,,,,,,,,,,,,,,,,,2.6213765538941924,0.9386099401644704,2.8154087331007966,-0.3919215651611661,-0.7139658945382228,-2.823657817603699,0.1069729891636307,-0.1411274076754805,-1.9372840534927416,-3.5720634211754887,,,,,,,,,,
non-spinning,1,polynomial,RIT,nu-Heff_til-b_massless_EOB,c4p_22_from_22_220_median,13724.679968788909,70.74577303499437,-6900.505553627408,,,,,,,,,,,,,,,,,,,,,,,,,,,,,,,,,,,,,,,,,,,,,,,,,,,,,,,,,,,,,,,,,,,,,,,,,,,,,,,,,2.255985957453259,-0.204379560844848,-1.5634536050279455,0.1203071013788628,,,,,,,,,,,,,,,,
non-spinning,2,polynomial,RIT,nu-Heff_til-b_massless_EOB,c4p_22_from_22_220_median,12027.147657446489,63.97418966726855,-6100.952547700175,,,,,,,,,,,,,,,,,,,,,,,,,,,,,,,,,,,,,,,,,,,,,,,,,,,,,,,,,,,,,,,,,,,,,,,,,,,,,,,,,-5.49781292863993,0.151006439124698,4.818366747538719,10.942362244316769,-0.1237603729492932,0.291461018605715,0.1478011562205003,4.545628102905926,-9.934695221332248,-2.6462211195959067,,,,,,,,,,
non-spinning,3,polynomial,RIT,nu-Heff_til-b_massless_EOB,c4p_22_from_22_220_median,11347.48584639046,63.74992048533967,-5827.75236710325,,,,,,,,,,,,,,,,,,,,,,,,,,,,,,,,,,,,,,,,,,,,,,,,,,,,,,,,,,,,,,,,,,,,,,,,,,,,,,,,,-15.000889872549058,5.189540822390809,16.64944795833306,35.32059758630323,-2.3625149484622305,-11.688827707006666,-10.295212701486008,-1.5359434090078994,-36.05745369599523,-13.481633964904857,0.4400103943598143,3.4049667603427936,1.6133011092100733,6.611477014208729,12.925378548743485,2.500834897588887,3.66966236436681,3.916686258689045,10.416179944787023,-3.374076440936777
non-spinning,1,polynomial,RIT,nu-Jmrg_til-b_massless_EOB,c4p_22_from_22_220_median,13724.697384626466,70.74586280735292,-6899.140417481497,,,,,,,,,,,,,,,,,,,,,,,,,,,,,,,,,,,,,,,,,,,,,,,,,,,,,,,,,,,,,,,,,,,,,,,,,,,,,,,,,1.161642156407983,-0.0992159940208292,-9.553936378170668,10.187325282456973,,,,,,,,,,,,,,,,
non-spinning,2,polynomial,RIT,nu-Jmrg_til-b_massless_EOB,c4p_22_from_22_220_median,11953.931821261136,63.58474373011243,-6052.9468458737865,,,,,,,,,,,,,,,,,,,,,,,,,,,,,,,,,,,,,,,,,,,,,,,,,,,,,,,,,,,,,,,,,,,,,,,,,,,,,,,,,-0.1742930425017966,0.1326638780630827,62.60618192639501,-62.12426084228608,-0.1935435213064216,-2.745840274142085,3.1054220648625703,172.48924592470877,-412.9270616336615,241.6090827317085,,,,,,,,,,
non-spinning,3,polynomial,RIT,nu-Jmrg_til-b_massless_EOB,c4p_22_from_22_220_median,12526.876129703927,61.70874940740851,-5837.312042723037,,,,,,,,,,,,,,,,,,,,,,,,,,,,,,,,,,,,,,,,,,,,,,,,,,,,,,,,,,,,,,,,,,,,,,,,,,,,,,,,,1.61981282164159,0.9341899920039186,14.473678146840278,-12.614370838760545,-0.2984457122036645,-11.11262938147594,10.298392482616135,-2.939073698017263,-1.115266137625607,2.568666069036182,0.0709486702139597,7.13601306172163,-7.503445962159231,-3.1373523082802333,0.1422324937974634,0.9967187795081778,-5.1483629800685335,-3.1151606261789584,-26.393150982804457,32.62350012432712
non-spinning,1,polynomial,RIT,nu-Heff_til-Jmrg_til,c4p_22_from_22_220_median,13724.746626564514,70.74611663177585,-6900.232934724934,,,,,,,,,,,,,,,,,,,,,,,,,,,,,,,,,,,,,,,,,,,,,,,,,,,,,,,,,,,,,,,,,,,,,,,,,,,,,,,,,2.2678052042401378,-0.2040410978382717,-1.5818595141228653,0.1187223028758557,,,,,,,,,,,,,,,,
non-spinning,2,polynomial,RIT,nu-Heff_til-Jmrg_til,c4p_22_from_22_220_median,12044.374688034048,64.06582280869175,-6110.494705319802,,,,,,,,,,,,,,,,,,,,,,,,,,,,,,,,,,,,,,,,,,,,,,,,,,,,,,,,,,,,,,,,,,,,,,,,,,,,,,,,,-4.507984771782149,0.0273054080961857,2.2426071938255725,10.230977808658396,-0.1232116311415818,0.4300208928519459,0.1784734422659597,6.089509180208735,-9.051933930721557,-2.446002213693328,,,,,,,,,,
non-spinning,3,polynomial,RIT,nu-Heff_til-Jmrg_til,c4p_22_from_22_220_median,11362.578694429249,63.83471176645645,-5832.003842807474,,,,,,,,,,,,,,,,,,,,,,,,,,,,,,,,,,,,,,,,,,,,,,,,,,,,,,,,,,,,,,,,,,,,,,,,,,,,,,,,,-11.642623960916058,3.291210265204021,7.990161910027044,32.10971532960662,-2.0034824371008604,-7.986205721346891,-8.40587859190675,3.919201200136847,-29.144759115427533,-14.477293067441623,0.4268412881970929,2.9530218999177027,1.4840087912464708,4.752119690324234,10.696541389418776,2.2509175252948785,3.3267025129041032,0.1357875614894662,12.16188506601635,-2.864990873313256
